Response,Phi,BinIndex,DistanceBinMid_m,DistanceBinStart_m,DistanceBinEnd_m,NumRows,MeanValue,SDValue,MedianValue,Q1,Q3,IQR,P10,P90,P10P90Width
CallRate_Hz,0,1,0.133333333333333,0,0.266666666666667,254,148.298989695188,24.7634911116713,145.983753816759,127.286886367205,169.746575522633,42.4596891554287,114.424057562057,184.369699900854,69.9456423387972
CallRate_Hz,0,2,0.4,0.266666666666667,0.533333333333333,307,78.1316116082618,15.8343578389697,76.0872895955831,64.7325655840313,91.1303906863489,26.3978251023176,57.6671367479908,102.383214534102,44.7160777861115
CallRate_Hz,0,3,0.666666666666667,0.533333333333333,0.8,172,44.8029587003946,5.10783038525632,44.3247178703914,40.624535103486,48.4862149371479,7.86167983366188,37.9208113742386,52.3975397828673,14.4767284086288
CallRate_Hz,0,4,0.933333333333333,0.8,1.06666666666667,126,31.6699949568826,2.69907783335169,31.4202802737217,29.2892880052681,33.9879160985812,4.69862809331307,27.9421056035573,35.3608569174755,7.41875131391823
CallRate_Hz,0,5,1.2,1.06666666666667,1.33333333333333,106,24.458850039477,1.71017018849398,24.4333432129497,22.8978602901259,25.9106518248212,3.0127915346953,22.0614520600205,26.8396457695442,4.77819370952373
CallRate_Hz,0,6,1.46666666666667,1.33333333333333,1.6,76,19.9049602027434,1.04135300386929,20.0030367741683,18.8052895426557,20.8198653684929,2.01457582583718,18.4337084943681,21.2077574363661,2.77404894199798
CallRate_Hz,0,7,1.73333333333333,1.6,1.86666666666667,76,16.8104858849829,0.711757274403043,16.7631005702095,16.2237476211724,17.3915487274982,1.16780110632583,15.9525248941844,17.8330388243118,1.88051393012743
CallRate_Hz,0,8,2,1.86666666666667,2.13333333333333,49,14.5357634835048,0.5283179242059,14.5295122840527,14.0882432427951,14.9034440466339,0.815200803838767,13.8665790045733,15.3088101322852,1.44223112771193
CallRate_Hz,0,9,2.26666666666667,2.13333333333333,2.4,57,12.8485110779254,0.472774143127869,12.8615863159534,12.4885608382362,13.2427862909537,0.754225452717462,12.1977539115736,13.4665653139804,1.26881140240676
CallRate_Hz,0,10,2.53333333333333,2.4,2.66666666666667,49,11.4484926594537,0.415032182786149,11.3252316081953,11.0954121505441,11.8022396614345,0.706827510890372,10.9373424306766,12.0546428460611,1.11730041538454
CallRate_Hz,0,11,2.8,2.66666666666667,2.93333333333333,31,10.354196005462,0.26307836869298,10.3174206870348,10.1911746566243,10.4793647759163,0.288190119291995,10.0214735256831,10.7639115962207,0.742438070537665
CallRate_Hz,0,12,3.06666666666667,2.93333333333333,3.2,39,9.41021361229435,0.248851164949892,9.42071779390908,9.17863844801812,9.64158684842638,0.462948400408258,9.10669800902393,9.76266024715102,0.655962238127088
CallRate_Hz,0,13,3.33333333333333,3.2,3.46666666666667,29,8.71191002896991,0.267941241867906,8.64863297998231,8.46511399301403,8.9567913423329,0.491677349318877,8.38132972483915,9.08978798445437,0.70845825961522
CallRate_Hz,0,14,3.6,3.46666666666667,3.73333333333333,33,8.08851715860361,0.213554832760713,8.13831798727929,7.86867528530732,8.3042686093647,0.435593324057381,7.80707413954556,8.34025297857347,0.533178839027917
CallRate_Hz,0,15,3.86666666666667,3.73333333333333,4,44,7.51169764521932,0.180229346331725,7.46827304141751,7.37738167683558,7.69527274158336,0.317891064747785,7.28476049504858,7.75374549056706,0.468984995518484
CallRate_Hz,0,16,4.13333333333333,4,4.26666666666667,20,7.02558305766489,0.14828109816619,7.04177945502225,6.91026228512595,7.16243548581341,0.25217320068746,6.83325531966575,7.20943494405529,0.376179624389535
CallRate_Hz,0,17,4.4,4.26666666666667,4.53333333333333,17,6.61659006558902,0.114565215500719,6.60061492703491,6.50772685866831,6.72094631676443,0.213219458096114,6.47081606069819,6.75451407304256,0.283698012344376
CallRate_Hz,0.5,1,0.133333333333333,0,0.266666666666667,207,126.00017520572,23.8477467065447,123.096763769679,106.471037739972,143.888884577509,37.417846837537,97.6190230914023,159.618968574547,61.9999454831448
CallRate_Hz,0.5,2,0.4,0.266666666666667,0.533333333333333,239,68.3607295018358,14.3682938060953,66.7298063019935,56.4874562672728,79.5164966498336,23.0290403825608,51.6035292764231,88.6246053611949,37.0210760847717
CallRate_Hz,0.5,3,0.666666666666667,0.533333333333333,0.8,148,39.6837431435422,5.17209222126371,39.8243722614247,35.4703173365874,43.909617408402,8.43930007181451,32.7350928897614,46.2555531170908,13.5204602273294
CallRate_Hz,0.5,4,0.933333333333333,0.8,1.06666666666667,108,27.576620971342,2.65049521370652,27.4645923232499,25.3272890036418,29.5823904921156,4.25510148847376,24.326491767056,31.3371566040928,7.01066483703682
CallRate_Hz,0.5,5,1.2,1.06666666666667,1.33333333333333,86,21.1035955909412,1.43431992875918,20.8633959769998,19.9925571014938,22.0402305088349,2.0476734073411,19.3676046109476,23.1570318129922,3.78942720204455
CallRate_Hz,0.5,6,1.46666666666667,1.33333333333333,1.6,60,17.1816230046021,1.03789730201421,16.9663135924282,16.5511387373331,17.8400634996308,1.28892476229769,16.0425314604929,18.5400658006306,2.49753434013768
CallRate_Hz,0.5,7,1.73333333333333,1.6,1.86666666666667,57,14.7345825842319,0.669598723985575,14.708350663163,14.2529753963184,15.1814409727238,0.928465576405403,13.7993224125601,15.5690486330819,1.76972622052176
CallRate_Hz,0.5,8,2,1.86666666666667,2.13333333333333,53,12.6135040239831,0.552467140732994,12.5197326825572,12.2161572313855,13.0827761186408,0.866618887255326,11.9364987566237,13.3767585460997,1.44025978947601
CallRate_Hz,0.5,9,2.26666666666667,2.13333333333333,2.4,39,11.2295534620728,0.39684692457839,11.2490688252767,10.9449618953171,11.5099255801952,0.564963684878084,10.6615442895815,11.7598168935911,1.09827260400965
CallRate_Hz,0.5,10,2.53333333333333,2.4,2.66666666666667,37,10.0284121486759,0.348053833094804,10.0419539752995,9.70487697187711,10.331471000513,0.62659402863587,9.54691896592394,10.4627779343741,0.915858968450113
CallRate_Hz,0.5,11,2.8,2.66666666666667,2.93333333333333,36,9.17090370074673,0.24504281922858,9.17989258707186,8.91777190259836,9.38992359628446,0.472151693686101,8.82962227298825,9.45487201474483,0.625249741756578
CallRate_Hz,0.5,12,3.06666666666667,2.93333333333333,3.2,33,8.38216317360929,0.254562130249171,8.33796317970063,8.16678924508671,8.58463797415231,0.4178487290656,8.05832281499314,8.7541626280853,0.69583981309216
CallRate_Hz,0.5,13,3.33333333333333,3.2,3.46666666666667,34,7.73743992593625,0.156282832392236,7.72327274805168,7.60738326026966,7.84727622933545,0.239892969065783,7.55209767604619,7.94881389331978,0.396716217273588
CallRate_Hz,0.5,14,3.6,3.46666666666667,3.73333333333333,27,7.22072499993672,0.180966782886603,7.17924035604352,7.07528443463408,7.37898133322827,0.303696898594183,6.99605381067191,7.44379417850491,0.447740367833001
CallRate_Hz,0.5,15,3.86666666666667,3.73333333333333,4,30,6.80084725644537,0.13836008926071,6.80588939150608,6.66179549062961,6.92006703967991,0.258271549050296,6.62136945802033,6.97434540068642,0.3529759426661
CallRate_Hz,0.5,16,4.13333333333333,4,4.26666666666667,25,6.39703319180393,0.125295103026656,6.40815406185336,6.28861022229873,6.50913107460377,0.220520852305039,6.24281329618127,6.57933341642824,0.336520120246971
CallRate_Hz,0.5,17,4.4,4.26666666666667,4.53333333333333,17,6.02562970317993,0.103469776758992,6.03414024041567,5.95333667843986,6.07860033227671,0.125263653836854,5.8727488794189,6.17746724497162,0.30471836555272
CallRate_Hz,1,1,0.133333333333333,0,0.266666666666667,158,103.569239397503,27.0354503352737,102.432892625023,82.5198722130729,120.509582786503,37.9897105734297,69.2002024145018,145.11232279178,75.9121203772783
CallRate_Hz,1,2,0.4,0.266666666666667,0.533333333333333,198,58.6729013593737,16.0256749808495,55.1797404036367,46.7203227231692,68.8216094587881,22.1012867356189,40.1845059312414,82.6153359158429,42.4308299846014
CallRate_Hz,1,3,0.666666666666667,0.533333333333333,0.8,117,32.1966151400432,5.37677740042309,31.2999288081692,27.9844038457034,35.324976070149,7.34057222444562,26.6745349816325,39.7093429902712,13.0348080086386
CallRate_Hz,1,4,0.933333333333333,0.8,1.06666666666667,85,22.3750183255029,2.3381576629566,21.9842264093785,20.9400832267308,24.163944023502,3.2238607967712,19.525500981209,25.5580218675807,6.03252088637173
CallRate_Hz,1,5,1.2,1.06666666666667,1.33333333333333,59,17.9209798722903,1.44422497782895,17.8994985967096,16.8946419534562,18.9527684941179,2.05812654066163,16.0782064954916,19.8705003225274,3.79229382703575
CallRate_Hz,1,6,1.46666666666667,1.33333333333333,1.6,59,14.7904260403987,1.09695338956717,14.7184211246399,14.0605906704457,15.7499575016749,1.68936683122917,13.2965971485292,16.1278015427467,2.83120439421748
CallRate_Hz,1,7,1.73333333333333,1.6,1.86666666666667,45,12.2819881093497,0.698917489013863,12.2632592327928,11.7799230954686,12.7367160634113,0.956792967942691,11.5434277301061,13.1962595348728,1.65283180476671
CallRate_Hz,1,8,2,1.86666666666667,2.13333333333333,38,10.872387672877,0.571849279239872,10.8425635381252,10.5158004814092,11.3182690541846,0.802468572775345,10.1003063531708,11.5788898309283,1.47858347775748
CallRate_Hz,1,9,2.26666666666667,2.13333333333333,2.4,37,9.62559949712845,0.375998028337301,9.59851793383244,9.28417965213727,9.97408886869288,0.689909216555616,9.1778001351273,10.0698553501106,0.892055214983271
CallRate_Hz,1,10,2.53333333333333,2.4,2.66666666666667,32,8.75631207117243,0.314967516827586,8.77238321000362,8.47983234818237,8.93549613302084,0.455663784838467,8.35685588456733,9.23034836558143,0.873492481014098
CallRate_Hz,1,11,2.8,2.66666666666667,2.93333333333333,39,7.99859670748479,0.232953977022272,7.99242154416723,7.78703714096841,8.14766052886141,0.360623387893006,7.71786282001864,8.29488087052927,0.577018050510636
CallRate_Hz,1,12,3.06666666666667,2.93333333333333,3.2,21,7.45997456209383,0.164157957987957,7.43074483880733,7.37424183042918,7.64632564976962,0.272083819340441,7.22823017961525,7.66527600000298,0.437045820387729
CallRate_Hz,1,13,3.33333333333333,3.2,3.46666666666667,32,6.97375858705841,0.164848032565642,6.95210842532656,6.87413030715343,7.0847307485349,0.210600441381471,6.76599455336319,7.16300586443454,0.397011311071351
CallRate_Hz,1,14,3.6,3.46666666666667,3.73333333333333,35,6.51810153336266,0.151374225321216,6.48627444210334,6.41136137967514,6.5886121070385,0.177250727363361,6.3488999913048,6.73434154619071,0.385441554885909
CallRate_Hz,1,15,3.86666666666667,3.73333333333333,4,20,6.15391582082069,0.0932888152425576,6.15751681657835,6.06807809417509,6.22608056954219,0.158002475367105,6.02398965213987,6.26082902431494,0.236839372175069
CallRate_Hz,1,16,4.13333333333333,4,4.26666666666667,24,5.86191800246215,0.0908698997792046,5.86153253348571,5.80284860246047,5.9285206966236,0.125672094163131,5.73846374782925,6.00906365669023,0.270599908860975
CallRate_Hz,1,17,4.4,4.26666666666667,4.53333333333333,10,5.56741596534538,0.0970112797024977,5.57122453173121,5.5107125312049,5.62668075690758,0.115968225702686,5.43979121656004,5.69027115812797,0.25047994156793
