SweepName,Response,ConditionValue,DistanceBinMid_m,N,Mean_ms,SD_ms,Median_ms,Q1_ms,Q3_ms
kr,Ta_ms,3,0.133333333333333,283,1.45977385274977,0.302824095973868,1.43859027113591,1.23457935048198,1.67252869789446
kr,Ta_ms,3,0.4,337,2.74336492155406,0.582070255425819,2.66805990318772,2.29159590413349,3.21230798137437
kr,Ta_ms,3,0.666666666666667,202,4.69857282031996,0.603110953268247,4.67963089902262,4.19143153440319,5.19362870640777
kr,Ta_ms,3,0.933333333333333,141,6.5463457345196,0.553414513919068,6.64814874757049,6.07787662710439,6.96537646596314
kr,Ta_ms,3,1.2,119,8.27673196777348,0.496011382911484,8.28744284190913,7.8919470377626,8.68754195420606
kr,Ta_ms,3,1.46666666666667,98,9.8100574619963,0.434951543530839,9.84894951578285,9.48114834710499,10.1011144191429
kr,Ta_ms,3,1.73333333333333,75,11.3264964158437,0.464817435331552,11.2668918018352,10.9576173486453,11.6801643536885
kr,Ta_ms,3,2,77,12.8395455525451,0.469932281293719,12.698657241632,12.48302098936,13.1213468077035
kr,Ta_ms,3,2.26666666666667,69,14.3903245886009,0.468647787770784,14.3895187808717,14.096112718422,14.7745917776401
kr,Ta_ms,3,2.53333333333333,62,16.0702151320217,0.477534636135444,16.0927472860179,15.6139274260161,16.5150210126228
kr,Ta_ms,3,2.8,53,17.4461094583397,0.409896096782268,17.4489867055129,17.1289271426527,17.6990436464242
kr,Ta_ms,3,3.06666666666667,52,19.0503441130054,0.461495465092579,19.0162033007582,18.6761005573944,19.51888338094
kr,Ta_ms,3,3.33333333333333,44,20.6017495543837,0.390322211042144,20.5994903455439,20.334322240133,20.9066726304976
kr,Ta_ms,3,3.6,47,22.058092870274,0.477657642953374,22.0623734358641,21.681003359301,22.4269329440243
kr,Ta_ms,3,3.86666666666667,31,23.483454137218,0.410432958138665,23.4254245900863,23.1602007691751,23.8322689782951
kr,Ta_ms,3,4.13333333333333,44,25.1317358903496,0.468596650021358,25.0533919599379,24.7349153280185,25.5070170256547
kr,Ta_ms,3,4.4,43,26.6860580450003,0.494657634058169,26.6344694369972,26.2741004668009,27.1069195714865
kr,Ta_ms,3,4.66666666666667,14,28.1735373687388,0.330127806723649,28.0588533790198,27.9372772721939,28.459577673643
kr,Ta_ms,5,0.133333333333333,192,1.36827057763192,0.26149006549065,1.36046386593093,1.17200683270103,1.50602142670828
kr,Ta_ms,5,0.4,252,2.53967403024304,0.535437131351736,2.49887031639841,2.09237766207714,2.9758805431093
kr,Ta_ms,5,0.666666666666667,135,4.29840529687029,0.504597839941931,4.24730523527314,3.86006919958767,4.72557544200768
kr,Ta_ms,5,0.933333333333333,101,6.08207011229347,0.579612346557856,6.02300647249454,5.58647075205846,6.63981969954953
kr,Ta_ms,5,1.2,74,7.82796810353984,0.584770920915926,7.85337753628152,7.39313375146679,8.25988820891578
kr,Ta_ms,5,1.46666666666667,63,9.54308860772728,0.555106003876047,9.48304589004029,9.10678534323293,9.97198185748655
kr,Ta_ms,5,1.73333333333333,54,11.1842240324671,0.532169900668859,11.13515219574,10.6952076315987,11.6016947098367
kr,Ta_ms,5,2,54,12.8421485187885,0.511052330557653,12.8726019170626,12.4285365350295,13.1506318350235
kr,Ta_ms,5,2.26666666666667,43,14.3940503248497,0.446184505807384,14.308503736943,14.0358595516515,14.7669345781721
kr,Ta_ms,5,2.53333333333333,32,15.8960971912153,0.424816244752065,15.8247894100551,15.5691066242812,16.222516674073
kr,Ta_ms,5,2.8,36,17.4769507862466,0.478576525746689,17.3686539528618,17.1008395718606,17.9954129371478
kr,Ta_ms,5,3.06666666666667,34,19.0005777420711,0.483983511220437,18.9648152624981,18.6274981855887,19.4251657130037
kr,Ta_ms,5,3.33333333333333,28,20.4964687119633,0.52788747128886,20.4215481315294,20.07562321286,20.9271223610988
kr,Ta_ms,5,3.6,31,22.215448978223,0.41736565309864,22.2673042399931,21.9644721117183,22.4724219736677
kr,Ta_ms,5,3.86666666666667,28,23.5661889615728,0.42440897754265,23.3578470512734,23.2454588499812,23.9818217730086
kr,Ta_ms,5,4.13333333333333,22,25.1833147454161,0.498654788064016,25.1584740573077,24.8089879625505,25.6922128175874
kr,Ta_ms,5,4.4,23,26.6436781811478,0.404812443653911,26.6393514844652,26.3079275087992,26.8921664656536
kr,Ta_ms,5,4.66666666666667,6,28.1603802979821,0.359986216923402,28.163433475284,28.0327164757554,28.2782564965246
kr,Ta_ms,7,0.133333333333333,155,1.32009304452994,0.245362794204212,1.33050829068208,1.11052977030864,1.52155718431174
kr,Ta_ms,7,0.4,171,2.50399131096865,0.500976290801894,2.45254862330948,2.10002311951414,2.87126464276533
kr,Ta_ms,7,0.666666666666667,105,4.15783096073329,0.521418895415223,4.20333210386279,3.71658299641785,4.58114839404799
kr,Ta_ms,7,0.933333333333333,74,5.8652347656099,0.532746587810541,5.82573747236394,5.4748267336297,6.27530515009862
kr,Ta_ms,7,1.2,62,7.51340290274732,0.521370871185614,7.48365151413683,7.11993169739045,7.88999718651394
kr,Ta_ms,7,1.46666666666667,45,9.25843721862486,0.473588476470357,9.20486295148508,8.91413674919893,9.6639420477939
kr,Ta_ms,7,1.73333333333333,42,10.9734128525275,0.567645317009523,11.021599717308,10.5052695545562,11.4286076375462
kr,Ta_ms,7,2,26,12.8337693529047,0.539016456831755,12.8775595127582,12.5353901701561,13.2763800644869
kr,Ta_ms,7,2.26666666666667,35,14.2705007898476,0.4349013981004,14.2769636681788,13.9503875318597,14.5851996602592
kr,Ta_ms,7,2.53333333333333,27,15.980580392393,0.493378457503166,16.0307441227064,15.5623502046921,16.3968616782002
kr,Ta_ms,7,2.8,28,17.4024289605343,0.553683046388255,17.2510775812443,17.0318924551116,17.7603986300681
kr,Ta_ms,7,3.06666666666667,18,18.9983006603201,0.416023259437105,19.0065217850529,18.8183358655004,19.2119382281626
kr,Ta_ms,7,3.33333333333333,19,20.6118699211106,0.472286268601814,20.6713412388815,20.2658714827944,20.9941792589236
kr,Ta_ms,7,3.6,21,22.0099661719611,0.546647779855594,21.9857421898366,21.548602457783,22.4878019815302
kr,Ta_ms,7,3.86666666666667,25,23.7252297691123,0.450279789077543,23.8465895223997,23.3067035747705,24.0971888941295
kr,Ta_ms,7,4.13333333333333,18,25.3247075921599,0.396268525050122,25.3053599133788,25.0978127647305,25.6058612070557
kr,Ta_ms,7,4.4,8,26.6678821478049,0.362687553045155,26.6548465989453,26.3718410209269,26.8791928789967
kr,Ta_ms,7,4.66666666666667,1,27.7952920344305,0,27.7952920344305,27.7952920344305,27.7952920344305
kr,Ta_ms,9,0.133333333333333,115,1.34358229887561,0.260486076883803,1.31255808560937,1.10980454258192,1.53387165510601
kr,Ta_ms,9,0.4,146,2.47528428092502,0.500788210403933,2.37920502683937,2.14468507740032,2.88111270093276
kr,Ta_ms,9,0.666666666666667,78,4.22620642376963,0.48510525862197,4.3061446349876,3.7638436816186,4.60060206943729
kr,Ta_ms,9,0.933333333333333,59,5.86415785074978,0.552456913527421,5.93374679709015,5.50637532248034,6.31720594850432
kr,Ta_ms,9,1.2,50,7.42822507771158,0.56286845450897,7.39667241484173,6.99899365364217,7.94380355289825
kr,Ta_ms,9,1.46666666666667,36,9.29440619316939,0.480577579854719,9.34093157686468,9.04627180085875,9.5677843090545
kr,Ta_ms,9,1.73333333333333,33,10.9001692788134,0.539956955763236,10.9422543219707,10.5181393053572,11.2819270303216
kr,Ta_ms,9,2,20,12.3833564768597,0.584355736224701,12.449386267072,11.7830153366297,12.8418088297635
kr,Ta_ms,9,2.26666666666667,31,14.0844657950002,0.53066333038313,14.0407613744832,13.691384049687,14.5447119364653
kr,Ta_ms,9,2.53333333333333,16,16.0010862900525,0.403083417833977,16.0987587879391,15.7821190735383,16.3105892612452
kr,Ta_ms,9,2.8,27,17.3944600983666,0.627496437481842,17.4015730104129,16.7526650571478,18.0106600364779
kr,Ta_ms,9,3.06666666666667,14,19.1150034565949,0.398423873615429,19.0440303359311,18.7668544987971,19.508161122859
kr,Ta_ms,9,3.33333333333333,16,20.7530216444245,0.412215182707147,20.8226642899118,20.4053144196125,21.0976816389924
kr,Ta_ms,9,3.6,13,22.0287024488181,0.434396296731129,21.9948542850701,21.6628053402117,22.361089276807
kr,Ta_ms,9,3.86666666666667,13,23.6798812818861,0.396047500465811,23.6639336496701,23.4595257724864,24.0144621679281
kr,Ta_ms,9,4.13333333333333,12,25.0871060343807,0.476898188568339,25.0751814038438,24.7477173252441,25.4626817349142
kr,Ta_ms,9,4.4,5,26.5355946460106,0.333806498219793,26.4176343311344,26.2835183962618,26.7442398839826
kr,Tb_ms,3,0.133333333333333,283,4.37932155824932,0.908472287921604,4.31577081340772,3.70373805144593,5.01758609368339
kr,Tb_ms,3,0.4,337,8.23009476466218,1.74621076627746,8.00417970956317,6.87478771240046,9.63692394412311
kr,Tb_ms,3,0.666666666666667,202,14.0957184609599,1.80933285980474,14.0388926970679,12.5742946032096,15.5808861192233
kr,Tb_ms,3,0.933333333333333,141,19.6390372035588,1.6602435417572,19.9444462427115,18.2336298813132,20.8961293978894
kr,Tb_ms,3,1.2,119,24.8301959033204,1.48803414873445,24.8623285257274,23.6758411132878,26.0626258626182
kr,Tb_ms,3,1.46666666666667,98,29.4301723859889,1.30485463059252,29.5468485473485,28.443445041315,30.3033432574287
kr,Tb_ms,3,1.73333333333333,75,33.9794892475311,1.39445230599466,33.8006754055056,32.8728520459358,35.0404930610654
kr,Tb_ms,3,2,77,38.5186366576354,1.40979684388116,38.095971724896,37.4490629680799,39.3640404231106
kr,Tb_ms,3,2.26666666666667,69,43.1709737658027,1.40594336331235,43.1685563426152,42.2883381552661,44.3237753329203
kr,Tb_ms,3,2.53333333333333,62,48.210645396065,1.43260390840633,48.2782418580538,46.8417822780483,49.5450630378684
kr,Tb_ms,3,2.8,53,52.3383283750191,1.2296882903468,52.3469601165388,51.3867814279581,53.0971309392726
kr,Tb_ms,3,3.06666666666667,52,57.1510323390163,1.38448639527774,57.0486099022745,56.0283016721833,58.5566501428201
kr,Tb_ms,3,3.33333333333333,44,61.805248663151,1.17096663312643,61.7984710366317,61.0029667203989,62.7200178914929
kr,Tb_ms,3,3.6,47,66.1742786108219,1.43297292886012,66.1871203075925,65.0430100779029,67.280798832073
kr,Tb_ms,3,3.86666666666667,31,70.450362411654,1.231298874416,70.276273770259,69.4806023075252,71.4968069348854
kr,Tb_ms,3,4.13333333333333,44,75.3952076710488,1.40578995006407,75.1601758798138,74.2047459840555,76.5210510769642
kr,Tb_ms,3,4.4,43,80.058174135001,1.4839729021745,79.9034083109917,78.8223014004026,81.3207587144595
kr,Tb_ms,3,4.66666666666667,14,84.5206121062163,0.990383420170947,84.1765601370593,83.8118318165816,85.3787330209289
kr,Tb_ms,5,0.133333333333333,192,6.84135288815959,1.30745032745325,6.80231932965465,5.86003416350514,7.53010713354138
kr,Tb_ms,5,0.4,252,12.6983701512152,2.67718565675868,12.494351581992,10.4618883103857,14.8794027155465
kr,Tb_ms,5,0.666666666666667,135,21.4920264843514,2.52298919970965,21.2365261763657,19.3003459979383,23.6278772100384
kr,Tb_ms,5,0.933333333333333,101,30.4103505614674,2.89806173278928,30.1150323624727,27.9323537602923,33.1990984977477
kr,Tb_ms,5,1.2,74,39.1398405176992,2.92385460457963,39.2668876814076,36.965668757334,41.2994410445789
kr,Tb_ms,5,1.46666666666667,63,47.7154430386364,2.77553001938024,47.4152294502014,45.5339267161647,49.8599092874327
kr,Tb_ms,5,1.73333333333333,54,55.9211201623354,2.6608495033443,55.6757609787001,53.4760381579937,58.0084735491837
kr,Tb_ms,5,2,54,64.2107425939423,2.55526165278827,64.3630095853129,62.1426826751474,65.7531591751175
kr,Tb_ms,5,2.26666666666667,43,71.9702516242487,2.23092252903692,71.5425186847149,70.1792977582573,73.8346728908605
kr,Tb_ms,5,2.53333333333333,32,79.4804859560766,2.12408122376032,79.1239470502754,77.845533121406,81.1125833703648
kr,Tb_ms,5,2.8,36,87.3847539312332,2.39288262873344,86.843269764309,85.5041978593028,89.9770646857388
kr,Tb_ms,5,3.06666666666667,34,95.0028887103555,2.41991755610219,94.8240763124906,93.1374909279437,97.1258285650186
kr,Tb_ms,5,3.33333333333333,28,102.482343559817,2.6394373564443,102.107740657647,100.3781160643,104.635611805494
kr,Tb_ms,5,3.6,31,111.077244891115,2.0868282654932,111.336521199965,109.822360558592,112.362109868339
kr,Tb_ms,5,3.86666666666667,28,117.830944807864,2.12204488771325,116.789235256367,116.227294249906,119.909108865043
kr,Tb_ms,5,4.13333333333333,22,125.916573727081,2.49327394032008,125.792370286539,124.044939812753,128.461064087937
kr,Tb_ms,5,4.4,23,133.218390905739,2.02406221826955,133.196757422326,131.539637543996,134.460832328268
kr,Tb_ms,5,4.66666666666667,6,140.80190148991,1.799931084617,140.81716737642,140.163582378777,141.391282482623
kr,Tb_ms,7,0.133333333333333,155,9.24065131170959,1.71753955942948,9.31355803477455,7.77370839216045,10.6509002901822
kr,Tb_ms,7,0.4,171,17.5279391767805,3.50683403561326,17.1678403631664,14.700161836599,20.0988524993573
kr,Tb_ms,7,0.666666666666667,105,29.104816725133,3.64993226790656,29.4233247270395,26.016080974925,32.0680387583359
kr,Tb_ms,7,0.933333333333333,74,41.0566433592693,3.72922611467379,40.7801623065476,38.3237871354079,43.9271360506903
kr,Tb_ms,7,1.2,62,52.5938203192312,3.6495960982993,52.3855605989578,49.8395218817332,55.2299803055976
kr,Tb_ms,7,1.46666666666667,45,64.809060530374,3.3151193352925,64.4340406603956,62.3989572443925,67.6475943345573
kr,Tb_ms,7,1.73333333333333,42,76.8138899676926,3.97351721906666,77.1511980211558,73.5368868818931,80.0002534628237
kr,Tb_ms,7,2,26,89.8363854703328,3.77311519782229,90.1429165893074,87.747731191093,92.9346604514083
kr,Tb_ms,7,2.26666666666667,35,99.8935055289333,3.0443097867028,99.9387456772515,97.6527127230177,102.096397621814
kr,Tb_ms,7,2.53333333333333,27,111.864062746751,3.45364920252216,112.215208858945,108.936451432845,114.778031747402
kr,Tb_ms,7,2.8,28,121.81700272374,3.87578132471779,120.75754306871,119.223247185781,124.322790410477
kr,Tb_ms,7,3.06666666666667,18,132.988104622241,2.91216281605973,133.045652495371,131.728351058503,134.483567597138
kr,Tb_ms,7,3.33333333333333,19,144.283089447774,3.3060038802127,144.699388672171,141.861100379561,146.959254812465
kr,Tb_ms,7,3.6,21,154.069763203727,3.82653445898917,153.900195328856,150.840217204481,157.414613870711
kr,Tb_ms,7,3.86666666666667,25,166.076608383786,3.15195852354281,166.926126656798,163.146925023393,168.680322258907
kr,Tb_ms,7,4.13333333333333,18,177.27295314512,2.77387967535086,177.137519393652,175.684689353114,179.24102844939
kr,Tb_ms,7,4.4,8,186.675175034634,2.53881287131609,186.583926192617,184.602887146489,188.154350152977
kr,Tb_ms,7,4.66666666666667,1,194.567044241014,0,194.567044241014,194.567044241014,194.567044241014
kr,Tb_ms,9,0.133333333333333,115,12.0922406898805,2.34437469195423,11.8130227704843,9.98824088323727,13.8048448959541
kr,Tb_ms,9,0.4,146,22.2775585283252,4.5070938936354,21.4128452415543,19.3021656966029,25.9300143083948
kr,Tb_ms,9,0.666666666666667,78,38.0358578139266,4.36594732759773,38.7553017148884,33.8745931345674,41.4054186249356
kr,Tb_ms,9,0.933333333333333,59,52.777420656748,4.97211222174679,53.4037211738113,49.557377902323,56.8548535365388
kr,Tb_ms,9,1.2,50,66.8540256994042,5.06581609058073,66.5700517335756,62.9909428827795,71.4942319760843
kr,Tb_ms,9,1.46666666666667,36,83.6496557385245,4.32519821869247,84.0683841917821,81.4164462077288,86.1100587814905
kr,Tb_ms,9,1.73333333333333,33,98.1015235093211,4.85961260186912,98.4802888977366,94.6632537482151,101.537343272895
kr,Tb_ms,9,2,20,111.450208291737,5.25920162602231,112.044476403648,106.047138029667,115.576279467872
kr,Tb_ms,9,2.26666666666667,31,126.760192155001,4.77596997344817,126.366852370348,123.222456447183,130.902407428187
kr,Tb_ms,9,2.53333333333333,16,144.009776610472,3.62775076050579,144.888829091451,142.039071661845,146.795303351207
kr,Tb_ms,9,2.8,27,156.5501408853,5.64746793733658,156.614157093716,150.77398551433,162.095940328301
kr,Tb_ms,9,3.06666666666667,14,172.035031109354,3.58581486253887,171.39627302338,168.901690489174,175.573450105731
kr,Tb_ms,9,3.33333333333333,16,186.777194799821,3.70993664436432,187.403978609206,183.647829776512,189.879134750931
kr,Tb_ms,9,3.6,13,198.258322039363,3.90956667058016,197.953688565631,194.965248061905,201.249803491263
kr,Tb_ms,9,3.86666666666667,13,213.118931536975,3.5644275041923,212.975402847031,211.135731952378,216.130159511353
kr,Tb_ms,9,4.13333333333333,12,225.783954309426,4.29208369711505,225.676632634594,222.729455927197,229.164135614228
kr,Tb_ms,9,4.4,5,238.820351814096,3.00425848397813,237.75870898021,236.551665566356,240.698158955843
phi,Ta_ms,0,0.133333333333333,228,1.17156677649559,0.194130580603148,1.14860551067112,1.00515942079991,1.34102505308484
phi,Ta_ms,0,0.4,280,2.20956874061929,0.441911551674525,2.16513700365767,1.83379284621266,2.56705062072396
phi,Ta_ms,0,0.666666666666667,157,3.79299512941044,0.442376389243471,3.78032555099058,3.39258210146805,4.17575971220252
phi,Ta_ms,0,0.933333333333333,115,5.33625887564856,0.458667385914349,5.34727266701027,4.885747516651,5.74203495245689
phi,Ta_ms,0,1.2,92,6.90378696862542,0.438848260658176,6.93720610888012,6.49292928886551,7.27803001156319
phi,Ta_ms,0,1.46666666666667,65,8.41562964122392,0.412697933816226,8.40894870348435,8.14365035352945,8.74579333505751
phi,Ta_ms,0,1.73333333333333,72,9.92065530851111,0.478260639873662,9.87909282680253,9.5371437871817,10.3987731966442
phi,Ta_ms,0,2,57,11.5415095231832,0.451888277502679,11.5665937291985,11.1685276811451,11.9152275415502
phi,Ta_ms,0,2.26666666666667,39,12.9923666629351,0.381482106680235,12.9826448660473,12.696273888249,13.2790571436415
phi,Ta_ms,0,2.53333333333333,41,14.50548009363,0.451117533323992,14.5112638797716,14.0708830193485,14.8331817750769
phi,Ta_ms,0,2.8,40,16.1788938626725,0.399145733240221,16.2664820138747,15.9365409335005,16.4966042154884
phi,Ta_ms,0,3.06666666666667,32,17.6035371056312,0.454528067967024,17.6119958698053,17.2428005794574,18.0165339839007
phi,Ta_ms,0,3.33333333333333,34,19.2486292686047,0.465016038176837,19.270079103015,18.8072889500476,19.7079381423958
phi,Ta_ms,0,3.6,26,20.7454981592151,0.537037931467631,20.6140933287511,20.2598490051653,21.2408063248599
phi,Ta_ms,0,3.86666666666667,32,22.1864247045039,0.541043209608029,22.0915543050047,21.6860818709943,22.710907830364
phi,Ta_ms,0,4.13333333333333,21,23.7909171705101,0.402085734719696,23.8787871409983,23.5157446520155,24.0597812700581
phi,Ta_ms,0,4.4,21,25.1833064609064,0.472281711626858,25.1461349642428,24.7531430793068,25.6857236098551
phi,Ta_ms,0,4.66666666666667,6,26.4162123120502,0.322723261414293,26.3211704083712,26.1423403174533,26.6107334069837
phi,Ta_ms,0.5,0.133333333333333,197,1.41650947834903,0.28650070157276,1.38789983123643,1.20106337104154,1.59883064401342
phi,Ta_ms,0.5,0.4,245,2.52005286213011,0.522636982000566,2.48960378645958,2.09234334828734,2.91467437504378
phi,Ta_ms,0.5,0.666666666666667,141,4.29388584424126,0.558007296470369,4.25854863213794,3.85029205781,4.76764144976608
phi,Ta_ms,0.5,0.933333333333333,99,6.16043002521067,0.523744499380919,6.17667494955359,5.7786236389773,6.53750431546165
phi,Ta_ms,0.5,1.2,71,7.9258821487043,0.524134100498844,7.91386386260268,7.5280700276981,8.32032027774932
phi,Ta_ms,0.5,1.46666666666667,68,9.5952710008662,0.601953155210897,9.51614933617448,9.1357969277191,10.1800483311491
phi,Ta_ms,0.5,1.73333333333333,48,11.3319221460769,0.522181752306719,11.4222590820846,10.8739086419046,11.7068579598784
phi,Ta_ms,0.5,2,47,12.8054080933716,0.47064106903854,12.645792908906,12.3926231805353,13.2848593988574
phi,Ta_ms,0.5,2.26666666666667,39,14.3824406756502,0.487138470391149,14.2699807722222,13.952958573498,14.8220569642848
phi,Ta_ms,0.5,2.53333333333333,42,16.1427231617308,0.49963688283396,16.1719822618006,15.6911630211581,16.57035474907
phi,Ta_ms,0.5,2.8,31,17.4234696819058,0.514499468654643,17.4029807731829,17.0668220471919,17.84622785142
phi,Ta_ms,0.5,3.06666666666667,40,19.0713332742701,0.466093787174865,19.0504736338098,18.7577592982639,19.4479440143267
phi,Ta_ms,0.5,3.33333333333333,27,20.6053444471304,0.516955711071616,20.5036212166486,20.1902629566143,21.1362461234517
phi,Ta_ms,0.5,3.6,25,22.0381997294299,0.402906736779328,22.0365602342727,21.7749113958604,22.2819900569768
phi,Ta_ms,0.5,3.86666666666667,26,23.4101539818994,0.488737493810388,23.3118411681415,22.9700198760577,23.6165444299759
phi,Ta_ms,0.5,4.13333333333333,23,25.0665836294458,0.574217564978831,25.2905491510204,24.5881638751522,25.4870545052632
phi,Ta_ms,0.5,4.4,27,26.6097248344947,0.522369246619344,26.4564140027946,26.1451377244725,27.1029973245959
phi,Ta_ms,0.5,4.66666666666667,2,27.6207320633572,0.282467115676912,27.6207320633572,27.4209976503998,27.8204664763145
phi,Ta_ms,1,0.133333333333333,175,1.62800109635432,0.392961629986906,1.58765740761627,1.34777736702074,1.85846843606078
phi,Ta_ms,1,0.4,195,3.07469073245782,0.695172375263582,3.0618840311808,2.54986727432747,3.53211722568107
phi,Ta_ms,1,0.666666666666667,114,5.10381485175102,0.718353156947793,5.07770137081967,4.51070895006018,5.70375954194942
phi,Ta_ms,1,0.933333333333333,74,6.99883966076958,0.621380304284309,7.01106416832358,6.54534734016751,7.43383089009138
phi,Ta_ms,1,1.2,73,9.08751336917727,0.706398602279774,9.03153641304254,8.50646101364719,9.61683051392524
phi,Ta_ms,1,1.46666666666667,56,11.0961634898943,0.596104455573507,11.0713963810004,10.7177881278054,11.5498366565843
phi,Ta_ms,1,1.73333333333333,40,12.8486466066195,0.548953158959227,12.9887003014439,12.403958944556,13.3240213727579
phi,Ta_ms,1,2,43,14.2900951844743,0.538843703324748,14.3247139456234,13.8734910070312,14.7275892812754
phi,Ta_ms,1,2.26666666666667,38,15.859532835941,0.470329509235676,15.7926385689722,15.5474467397269,16.1622134379246
phi,Ta_ms,1,2.53333333333333,34,17.3478050870494,0.519075456747185,17.3316695953783,16.9888043962065,17.765509873977
phi,Ta_ms,1,2.8,32,19.029966356594,0.512355637321589,19.1463651566882,18.6272383008006,19.4172730755675
phi,Ta_ms,1,3.06666666666667,29,20.4763825362156,0.474735506058877,20.5187642859249,20.0699844883075,20.8924588725925
phi,Ta_ms,1,3.33333333333333,32,22.0719944944645,0.543893257198356,22.1817069495899,21.6757582565201,22.4595044555022
phi,Ta_ms,1,3.6,25,23.5984422202493,0.565704172664301,23.7246813259893,23.0234767056328,24.157457891006
phi,Ta_ms,1,3.86666666666667,28,25.2072390534327,0.49126788034482,25.3099115933774,24.8714884287782,25.5747174051599
phi,Ta_ms,1,4.13333333333333,22,26.7329454727398,0.503268442654983,26.7951197197935,26.3061274701051,27.1806684191109
phi,Ta_ms,1,4.4,19,28.1181146467373,0.332699187001597,28.1224294703983,27.934192755128,28.3118094426823
phi,Ta_ms,1,4.66666666666667,2,29.3257122298162,0.328950493983942,29.3257122298162,29.0931091048455,29.558315354787
phi,Tb_ms,0,0.133333333333333,228,5.85783388247794,0.970652903015742,5.74302755335561,5.02579710399953,6.7051252654242
phi,Tb_ms,0,0.4,280,11.0478437030965,2.20955775837262,10.8256850182884,9.16896423106331,12.8352531036198
phi,Tb_ms,0,0.666666666666667,157,18.9649756470522,2.21188194621736,18.9016277549529,16.9629105073402,20.8787985610126
phi,Tb_ms,0,0.933333333333333,115,26.6812943782428,2.29333692957175,26.7363633350514,24.428737583255,28.7101747622845
phi,Tb_ms,0,1.2,92,34.5189348431271,2.19424130329088,34.6860305444006,32.4646464443276,36.390150057816
phi,Tb_ms,0,1.46666666666667,65,42.0781482061196,2.06348966908113,42.0447435174217,40.7182517676473,43.7289666752876
phi,Tb_ms,0,1.73333333333333,72,49.6032765425555,2.39130319936831,49.3954641340126,47.6857189359085,51.9938659832211
phi,Tb_ms,0,2,57,57.7075476159161,2.2594413875134,57.8329686459927,55.8426384057254,59.5761377077509
phi,Tb_ms,0,2.26666666666667,39,64.9618333146755,1.90741053340118,64.9132243302363,63.4813694412452,66.3952857182077
phi,Tb_ms,0,2.53333333333333,41,72.52740046815,2.25558766661996,72.5563193988582,70.3544150967425,74.1659088753843
phi,Tb_ms,0,2.8,40,80.8944693133624,1.9957286662011,81.3324100693736,79.6827046675023,82.4830210774421
phi,Tb_ms,0,3.06666666666667,32,88.0176855281558,2.27264033983512,88.0599793490264,86.2140028972869,90.0826699195033
phi,Tb_ms,0,3.33333333333333,34,96.2431463430235,2.32508019088419,96.3503955150748,94.0364447502379,98.539690711979
phi,Tb_ms,0,3.6,26,103.727490796075,2.68518965733816,103.070466643756,101.299245025826,106.2040316243
phi,Tb_ms,0,3.86666666666667,32,110.932123522519,2.70521604804014,110.457771525023,108.430409354971,113.55453915182
phi,Tb_ms,0,4.13333333333333,21,118.95458585255,2.01042867359848,119.393935704991,117.578723260077,120.29890635029
phi,Tb_ms,0,4.4,21,125.916532304532,2.36140855813429,125.730674821214,123.765715396534,128.428618049275
phi,Tb_ms,0,4.66666666666667,6,132.081061560251,1.61361630707147,131.605852041856,130.711701587266,133.053667034919
phi,Tb_ms,0.5,0.133333333333333,197,7.08254739174517,1.4325035078638,6.93949915618212,6.00531685520769,7.99415322006711
phi,Tb_ms,0.5,0.4,245,12.6002643106506,2.61318491000283,12.4480189322979,10.4617167414367,14.5733718752189
phi,Tb_ms,0.5,0.666666666666667,141,21.4694292212063,2.79003648235184,21.2927431606897,19.25146028905,23.8382072488304
phi,Tb_ms,0.5,0.933333333333333,99,30.8021501260533,2.6187224969046,30.883374747768,28.8931181948865,32.6875215773083
phi,Tb_ms,0.5,1.2,71,39.6294107435215,2.62067050249422,39.5693193130134,37.6403501384905,41.6016013887466
phi,Tb_ms,0.5,1.46666666666667,68,47.976355004331,3.00976577605449,47.5807466808724,45.6789846385955,50.9002416557454
phi,Tb_ms,0.5,1.73333333333333,48,56.6596107303843,2.61090876153359,57.1112954104229,54.3695432095229,58.5342897993918
phi,Tb_ms,0.5,2,47,64.0270404668582,2.3532053451927,63.2289645445301,61.9631159026764,66.424296994287
phi,Tb_ms,0.5,2.26666666666667,39,71.912203378251,2.43569235195574,71.3499038611108,69.7647928674902,74.1102848214239
phi,Tb_ms,0.5,2.53333333333333,42,80.7136158086541,2.4981844141698,80.8599113090032,78.4558151057907,82.8517737453502
phi,Tb_ms,0.5,2.8,31,87.117348409529,2.57249734327321,87.0149038659146,85.3341102359596,89.2311392571002
phi,Tb_ms,0.5,3.06666666666667,40,95.3566663713504,2.33046893587432,95.2523681690492,93.7887964913195,97.2397200716337
phi,Tb_ms,0.5,3.33333333333333,27,103.026722235652,2.58477855535808,102.518106083243,100.951314783071,105.681230617259
phi,Tb_ms,0.5,3.6,25,110.19099864715,2.01453368389664,110.182801171364,108.874556979302,111.409950284884
phi,Tb_ms,0.5,3.86666666666667,26,117.050769909497,2.44368746905194,116.559205840707,114.850099380289,118.08272214988
phi,Tb_ms,0.5,4.13333333333333,23,125.332918147229,2.87108782489415,126.452745755102,122.940819375761,127.435272526316
phi,Tb_ms,0.5,4.4,27,133.048624172473,2.61184623309672,132.282070013973,130.725688622363,135.514986622979
phi,Tb_ms,0.5,4.66666666666667,2,138.103660316786,1.41233557838458,138.103660316786,137.104988251999,139.102332381573
phi,Tb_ms,1,0.133333333333333,175,8.14000548177158,1.96480814993453,7.93828703808135,6.73888683510368,9.2923421803039
phi,Tb_ms,1,0.4,195,15.3734536622891,3.47586187631791,15.309420155904,12.7493363716374,17.6605861284053
phi,Tb_ms,1,0.666666666666667,114,25.5190742587551,3.59176578473897,25.3885068540983,22.5535447503009,28.5187977097471
phi,Tb_ms,1,0.933333333333333,74,34.9941983038479,3.10690152142154,35.0553208416179,32.7267367008375,37.1691544504569
phi,Tb_ms,1,1.2,73,45.4375668458863,3.53199301139887,45.1576820652127,42.532305068236,48.0841525696262
phi,Tb_ms,1,1.46666666666667,56,55.4808174494715,2.98052227786754,55.3569819050021,53.5889406390272,57.7491832829217
phi,Tb_ms,1,1.73333333333333,40,64.2432330330978,2.74476579479614,64.9435015072195,62.0197947227799,66.6201068637893
phi,Tb_ms,1,2,43,71.4504759223714,2.69421851662374,71.6235697281171,69.367455035156,73.637946406377
phi,Tb_ms,1,2.26666666666667,38,79.2976641797051,2.35164754617838,78.9631928448609,77.7372336986347,80.8110671896228
phi,Tb_ms,1,2.53333333333333,34,86.7390254352473,2.59537728373593,86.6583479768914,84.9440219810325,88.8275493698848
phi,Tb_ms,1,2.8,32,95.14983178297,2.56177818660794,95.7318257834411,93.1361915040028,97.0863653778376
phi,Tb_ms,1,3.06666666666667,29,102.381912681078,2.37367753029438,102.593821429624,100.349922441537,104.462294362962
phi,Tb_ms,1,3.33333333333333,32,110.359972472323,2.71946628599178,110.908534747949,108.3787912826,112.297522277511
phi,Tb_ms,1,3.6,25,117.992211101246,2.82852086332151,118.623406629946,115.117383528164,120.78728945503
phi,Tb_ms,1,3.86666666666667,28,126.036195267163,2.4563394017241,126.549557966887,124.357442143891,127.8735870258
phi,Tb_ms,1,4.13333333333333,22,133.664727363699,2.51634221327492,133.975598598968,131.530637350525,135.903342095554
phi,Tb_ms,1,4.4,19,140.590573233686,1.66349593500798,140.612147351991,139.67096377564,141.559047213411
phi,Tb_ms,1,4.66666666666667,2,146.628561149081,1.64475246991972,146.628561149081,145.465545524228,147.791576773935
velocity,Ta_ms,2,0.133333333333333,514,1.36379140161114,0.254764722443283,1.35341221917498,1.15726069010245,1.54711705355261
velocity,Ta_ms,2,0.4,620,2.52040795831891,0.527127857668029,2.47540738233781,2.0872956164407,2.94707475075814
velocity,Ta_ms,2,0.666666666666667,377,4.28418215199682,0.540966546539248,4.2507722932577,3.84328501495946,4.69281877189796
velocity,Ta_ms,2,0.933333333333333,274,6.04876963707292,0.52631794150657,6.07272503798363,5.61347243225323,6.47672718928732
velocity,Ta_ms,2,1.2,208,7.81416891721049,0.537978910484263,7.82576016714558,7.36716199523012,8.2537397158521
velocity,Ta_ms,2,1.46666666666667,164,9.52487299901456,0.523403158464654,9.51161410315604,9.11386026584175,9.99938941082159
velocity,Ta_ms,2,1.73333333333333,148,11.2228588113995,0.544539430935668,11.2075966512991,10.7992486392102,11.6420060979037
velocity,Ta_ms,2,2,123,12.9183497070442,0.516893864864024,12.9018071263511,12.4925009517819,13.3490089298473
velocity,Ta_ms,2,2.26666666666667,127,14.5719753774371,0.492904730741139,14.6256251657846,14.1558632096875,15.0302866373439
velocity,Ta_ms,2,2.53333333333333,93,16.1188603827468,0.433673239949001,16.1425259340913,15.7860282898142,16.4505200900978
velocity,Ta_ms,2,2.8,88,17.6425333250369,0.460626312029993,17.5747248836866,17.2506660873172,18.0525566332183
velocity,Ta_ms,2,3.06666666666667,90,19.1866523067686,0.474652007345405,19.1944599978839,18.7453663917197,19.5815770301638
velocity,Ta_ms,2,3.33333333333333,74,20.8111337235219,0.460917789891094,20.8633742495097,20.381871539628,21.2097837768423
velocity,Ta_ms,2,3.6,64,22.2290060171267,0.458567911761354,22.1956552958385,21.8574291870803,22.6112275834634
velocity,Ta_ms,2,3.86666666666667,72,23.7769099296922,0.480551812474494,23.8013360851328,23.3441458237437,24.1195484296159
velocity,Ta_ms,2,4.13333333333333,63,25.4657597271691,0.464026219483818,25.5982345610317,25.1563256101323,25.823542216857
velocity,Ta_ms,2,4.4,56,26.9093480000087,0.45758881273088,26.8209554480765,26.5955659692375,27.3781368593074
velocity,Ta_ms,2,4.66666666666667,58,28.428968733666,0.484825489328229,28.3288159402894,28.0480145106029,28.8731317591166
velocity,Ta_ms,4,0.133333333333333,248,1.36438005627325,0.254415615166374,1.35059101166967,1.16040225256202,1.53087566529337
velocity,Ta_ms,4,0.4,306,2.5508312153748,0.521345823269331,2.53913770798587,2.11040434743193,2.96963907691912
velocity,Ta_ms,4,0.666666666666667,182,4.30993450338553,0.554763490125656,4.25655359921232,3.87151256133551,4.72028449504879
velocity,Ta_ms,4,0.933333333333333,126,6.10915604355123,0.527640777731759,6.09297321439603,5.67160080943094,6.46281465918681
velocity,Ta_ms,4,1.2,106,7.82709960350338,0.560493470431198,7.80564349668662,7.33653860166739,8.29258471175239
velocity,Ta_ms,4,1.46666666666667,75,9.5850680470314,0.530863190969571,9.50343611042293,9.13804759475289,9.95510406565281
velocity,Ta_ms,4,1.73333333333333,74,11.2120687073183,0.538077949486932,11.2224670616084,10.7711608491484,11.6088820188886
velocity,Ta_ms,4,2,57,12.8559225704033,0.453948598385146,12.8815147722277,12.454530271117,13.1823670688141
velocity,Ta_ms,4,2.26666666666667,64,14.450120409739,0.466855459878149,14.4526664736236,14.1418435267571,14.8530842808639
velocity,Ta_ms,4,2.53333333333333,49,16.078915767095,0.435288874167267,16.1466022342124,15.7415270957598,16.433540464664
velocity,Ta_ms,4,2.8,47,17.527247540347,0.480994225265235,17.5108348701817,17.1597476757747,17.9816257419557
velocity,Ta_ms,4,3.06666666666667,35,19.1022087433432,0.443174286199038,19.1512345263625,18.7306400806168,19.4807624250706
velocity,Ta_ms,4,3.33333333333333,40,20.60599641033,0.502172143269774,20.502151769339,20.160055855082,21.0503083803455
velocity,Ta_ms,4,3.6,35,22.1375055282581,0.505666394975159,22.0331682782851,21.7864002570008,22.5379472254691
velocity,Ta_ms,4,3.86666666666667,32,23.7359845731063,0.426671195082781,23.6564127191676,23.3855309046746,24.0236483905752
velocity,Ta_ms,4,4.13333333333333,31,25.1124706301395,0.484961522437077,25.0404583483582,24.6536983410108,25.5085826928596
velocity,Ta_ms,4,4.4,31,26.6971945095295,0.44390950520986,26.6892719152667,26.3706715055398,26.9391615330073
velocity,Ta_ms,4,4.66666666666667,11,28.0346056347883,0.432321473238278,27.9212332557875,27.7090779702533,28.2323071990218
velocity,Ta_ms,6,0.133333333333333,157,1.374673636036,0.259564468486021,1.36909134484486,1.15857282939039,1.55795799883645
velocity,Ta_ms,6,0.4,198,2.54660028521259,0.542906075396539,2.51736548051569,2.06380313298396,2.99191675444029
velocity,Ta_ms,6,0.666666666666667,104,4.35212614268026,0.538909946353941,4.32458272514848,3.96286954499995,4.69254475274902
velocity,Ta_ms,6,0.933333333333333,93,6.13472432740548,0.567528531305556,6.01997035854264,5.664596279689,6.61558938764973
velocity,Ta_ms,6,1.2,59,7.85593975755275,0.491872899250999,7.76884423971003,7.42926229588812,8.15542389539144
velocity,Ta_ms,6,1.46666666666667,49,9.6008186072634,0.522586074395736,9.58702416306824,9.19851023521851,10.0041097129327
velocity,Ta_ms,6,1.73333333333333,46,11.2127886073957,0.468666474716662,11.1971873053533,10.8129925571878,11.5405844187532
velocity,Ta_ms,6,2,39,12.8148334073212,0.46369284852205,12.7861250973165,12.4099583991017,13.2144845261952
velocity,Ta_ms,6,2.26666666666667,35,14.459281916452,0.431388571889371,14.5536110559659,14.093996071222,14.8211342714482
velocity,Ta_ms,6,2.53333333333333,21,15.899020345512,0.482907675834093,15.798477362919,15.5158525999807,16.3133589673303
velocity,Ta_ms,6,2.8,36,17.4046533017806,0.385140606498628,17.4149750032882,17.0912273255112,17.6401373137659
velocity,Ta_ms,6,3.06666666666667,20,18.88391789588,0.517963232216525,18.819332285658,18.5238696617741,19.3138765600012
velocity,Ta_ms,6,3.33333333333333,26,20.5214013532537,0.482878608099822,20.4948345344637,20.0152816316871,20.8755132657721
velocity,Ta_ms,6,3.6,27,22.0103162581469,0.47854376592648,21.9799192882269,21.6204957858708,22.4063048933274
velocity,Ta_ms,6,3.86666666666667,20,23.6771858106451,0.496314836168429,23.7075411973212,23.3275055264811,24.0484577126197
velocity,Ta_ms,6,4.13333333333333,21,25.0859300534727,0.468389352823736,25.2171575147663,24.7567628677735,25.3613720250318
velocity,Ta_ms,6,4.4,15,26.4446469600228,0.403767962689517,26.3614715501749,26.097024752079,26.8130625253636
velocity,Ta_ms,8,0.133333333333333,113,1.35667991023869,0.280775968495365,1.32891509761037,1.14583078270341,1.54841341241493
velocity,Ta_ms,8,0.4,132,2.60307256567305,0.596086933700695,2.51777844208451,2.1305867634234,3.10185898806632
velocity,Ta_ms,8,0.666666666666667,87,4.37793332043234,0.569971053804323,4.29412861113704,3.90378226635974,4.79187568985303
velocity,Ta_ms,8,0.933333333333333,60,6.11336683722712,0.563807461041181,6.0537405684655,5.80214946322225,6.47213160551278
velocity,Ta_ms,8,1.2,42,8.01964335887195,0.466678884242411,8.08331440146657,7.71350784298358,8.3527522557737
velocity,Ta_ms,8,1.46666666666667,39,9.74786894450416,0.584879075550283,9.87155097290228,9.38242176794887,10.2207224101018
velocity,Ta_ms,8,1.73333333333333,34,11.3504194258041,0.45805224284639,11.3381435272015,10.9748370275848,11.6421799086627
velocity,Ta_ms,8,2,22,12.9235517443765,0.505506312613788,12.9656156334019,12.5860941125605,13.2407318599294
velocity,Ta_ms,8,2.26666666666667,31,14.3124826819088,0.501851997916264,14.2396116748041,13.9041171937901,14.7034042252883
velocity,Ta_ms,8,2.53333333333333,21,15.7059418720706,0.43483313445818,15.5943277119438,15.3102903214694,15.9832673795243
velocity,Ta_ms,8,2.8,20,17.3997087767041,0.423872565041097,17.4214661350525,17.0824766443006,17.7001071024609
velocity,Ta_ms,8,3.06666666666667,14,18.8199417396369,0.491200268389032,18.6331971895573,18.4559268225788,19.3580002713503
velocity,Ta_ms,8,3.33333333333333,10,20.3684142880241,0.624737553579156,20.2132563515729,19.729140594406,20.92223718831
velocity,Ta_ms,8,3.6,29,21.8812439141705,0.483891899412589,21.8925738252983,21.4985252189799,22.2813017247414
velocity,Ta_ms,8,3.86666666666667,16,23.4261940158677,0.434002520332176,23.4210707963091,23.0361363616587,23.732363569505
velocity,Ta_ms,8,4.13333333333333,12,24.8920575630019,0.465114102960657,24.7864198700504,24.5236219140423,25.3303648918439
velocity,Ta_ms,8,4.4,4,26.2090001899543,0.0727317107190034,26.1742524971561,26.1696716356033,26.2483287443053
velocity,Ta_ms,8,4.66666666666667,1,27.1899219952828,0,27.1899219952828,27.1899219952828,27.1899219952828
velocity,Ta_ms,10,0.133333333333333,76,1.3940648021015,0.302427799360751,1.3651529706182,1.15600465407888,1.57910369062385
velocity,Ta_ms,10,0.4,112,2.57631938281264,0.574639480919241,2.64625111561593,2.0315576762167,2.96808438571485
velocity,Ta_ms,10,0.666666666666667,59,4.41782707859724,0.554697816041194,4.39177626169814,4.02128742781784,4.76276382091988
velocity,Ta_ms,10,0.933333333333333,49,6.22923539425384,0.64216109021118,6.23792280774139,5.90122414387952,6.72522649448067
velocity,Ta_ms,10,1.2,36,7.94074368224685,0.592824731132118,7.95831384694031,7.45917669029922,8.35739974017025
velocity,Ta_ms,10,1.46666666666667,28,9.78782917730959,0.5128115982111,9.84686219902776,9.36013463242364,10.22031280417
velocity,Ta_ms,10,1.73333333333333,24,11.2548278828227,0.473676326084068,11.3354212362318,10.8540209975952,11.6381111935132
velocity,Ta_ms,10,2,27,12.7928043799223,0.478283836572737,12.8889129121193,12.3710099445126,13.1347341569371
velocity,Ta_ms,10,2.26666666666667,17,14.3303577260352,0.581154847321799,14.4044450494983,13.8399707913896,14.7968777917983
velocity,Ta_ms,10,2.53333333333333,22,15.8023707944188,0.386184171449372,15.8067512742406,15.5626979358349,16.0626706257155
velocity,Ta_ms,10,2.8,17,17.5011983312611,0.502828194764533,17.5335011747613,17.247515597164,17.9223571579662
velocity,Ta_ms,10,3.06666666666667,11,19.0119596484443,0.467992826841137,19.0353728306508,18.5557737135102,19.381218029341
velocity,Ta_ms,10,3.33333333333333,15,20.3349493355415,0.392846024446501,20.424434491482,19.9701059179582,20.5584905858173
velocity,Ta_ms,10,3.6,12,21.7641291012142,0.43664545979625,21.8501211036394,21.5059102907125,22.0337228322889
velocity,Ta_ms,10,3.86666666666667,15,23.2741970175603,0.57409269983387,23.440701950636,22.8462883021825,23.6495410283253
velocity,Ta_ms,10,4.13333333333333,4,24.9120768545705,0.234500125177061,24.8315600424246,24.751840239143,25.0723134699981
velocity,Ta_ms,10,4.4,3,26.2130931875085,0.534868228625812,25.9937455135293,25.8655124189318,26.6155108745801
velocity,Tb_ms,2,0.133333333333333,514,6.8189570080557,1.27382361221641,6.7670610958749,5.78630345051225,7.73558526776305
velocity,Tb_ms,2,0.4,620,12.6020397915945,2.63563928834015,12.3770369116891,10.4364780822035,14.7353737537907
velocity,Tb_ms,2,0.666666666666667,377,21.4209107599841,2.70483273269624,21.2538614662885,19.2164250747973,23.4640938594898
velocity,Tb_ms,2,0.933333333333333,274,30.2438481853646,2.63158970753285,30.3636251899182,28.0673621612661,32.3836359464366
velocity,Tb_ms,2,1.2,208,39.0708445860524,2.68989455242131,39.1288008357279,36.8358099761506,41.2686985792605
velocity,Tb_ms,2,1.46666666666667,164,47.6243649950728,2.61701579232327,47.5580705157802,45.5693013292088,49.996947054108
velocity,Tb_ms,2,1.73333333333333,148,56.1142940569976,2.72269715467834,56.0379832564957,53.9962431960508,58.2100304895186
velocity,Tb_ms,2,2,123,64.5917485352208,2.58446932432012,64.5090356317557,62.4625047589095,66.7450446492366
velocity,Tb_ms,2,2.26666666666667,127,72.8598768871854,2.4645236537057,73.1281258289228,70.7793160484373,75.1514331867195
velocity,Tb_ms,2,2.53333333333333,93,80.5943019137338,2.16836619974501,80.7126296704565,78.9301414490711,82.252600450489
velocity,Tb_ms,2,2.8,88,88.2126666251843,2.30313156014996,87.8736244184328,86.2533304365858,90.2627831660916
velocity,Tb_ms,2,3.06666666666667,90,95.9332615338428,2.37326003672703,95.9722999894193,93.7268319585985,97.9078851508192
velocity,Tb_ms,2,3.33333333333333,74,104.055668617609,2.30458894945547,104.316871247548,101.90935769814,106.048918884211
velocity,Tb_ms,2,3.6,64,111.145030085633,2.29283955880677,110.978276479193,109.287145935401,113.056137917317
velocity,Tb_ms,2,3.86666666666667,72,118.884549648461,2.40275906237247,119.006680425664,116.720729118719,120.597742148079
velocity,Tb_ms,2,4.13333333333333,63,127.328798635846,2.32013109741909,127.991172805159,125.781628050661,129.117711084285
velocity,Tb_ms,2,4.4,56,134.546740000044,2.2879440636544,134.104777240383,132.977829846187,136.890684296537
velocity,Tb_ms,2,4.66666666666667,58,142.14484366833,2.42412744664115,141.644079701447,140.240072553015,144.365658795583
velocity,Tb_ms,4,0.133333333333333,248,6.82190028136623,1.27207807583187,6.75295505834836,5.80201126281009,7.65437832646683
velocity,Tb_ms,4,0.4,306,12.754156076874,2.60672911634665,12.6956885399293,10.5520217371597,14.8481953845956
velocity,Tb_ms,4,0.666666666666667,182,21.5496725169276,2.77381745062828,21.2827679960616,19.3575628066776,23.601422475244
velocity,Tb_ms,4,0.933333333333333,126,30.5457802177562,2.63820388865879,30.4648660719801,28.3580040471547,32.3140732959341
velocity,Tb_ms,4,1.2,106,39.1354980175169,2.80246735215599,39.0282174834331,36.6826930083369,41.462923558762
velocity,Tb_ms,4,1.46666666666667,75,47.925340235157,2.65431595484785,47.5171805521147,45.6902379737645,49.7755203282641
velocity,Tb_ms,4,1.73333333333333,74,56.0603435365916,2.69038974743466,56.1123353080422,53.8558042457422,58.044410094443
velocity,Tb_ms,4,2,57,64.2796128520167,2.26974299192573,64.4075738611386,62.2726513555851,65.9118353440703
velocity,Tb_ms,4,2.26666666666667,64,72.250602048695,2.33427729939074,72.263332368118,70.7092176337856,74.2654214043196
velocity,Tb_ms,4,2.53333333333333,49,80.3945788354752,2.17644437083634,80.7330111710619,78.7076354787992,82.1677023233199
velocity,Tb_ms,4,2.8,47,87.636237701735,2.40497112632618,87.5541743509085,85.7987383788736,89.9081287097783
velocity,Tb_ms,4,3.06666666666667,35,95.511043716716,2.21587143099519,95.7561726318124,93.6532004030842,97.4038121253529
velocity,Tb_ms,4,3.33333333333333,40,103.02998205165,2.51086071634887,102.510758846695,100.80027927541,105.251541901727
velocity,Tb_ms,4,3.6,35,110.68752764129,2.5283319748758,110.165841391425,108.932001285004,112.689736127345
velocity,Tb_ms,4,3.86666666666667,32,118.679922865532,2.1333559754139,118.282063595838,116.927654523373,120.118241952876
velocity,Tb_ms,4,4.13333333333333,31,125.562353150698,2.42480761218538,125.202291741791,123.268491705054,127.542913464298
velocity,Tb_ms,4,4.4,31,133.485972547647,2.2195475260493,133.446359576333,131.853357527699,134.695807665036
velocity,Tb_ms,4,4.66666666666667,11,140.173028173941,2.16160736619139,139.606166278937,138.545389851266,141.161535995109
velocity,Tb_ms,6,0.133333333333333,157,6.87336818018,1.2978223424301,6.84545672422431,5.79286414695193,7.78978999418226
velocity,Tb_ms,6,0.4,198,12.7330014260629,2.71453037698269,12.5868274025784,10.3190156649198,14.9595837722014
velocity,Tb_ms,6,0.666666666666667,104,21.7606307134013,2.6945497317697,21.6229136257424,19.8143477249998,23.4627237637451
velocity,Tb_ms,6,0.933333333333333,93,30.6736216370274,2.83764265652778,30.0998517927132,28.322981398445,33.0779469382486
velocity,Tb_ms,6,1.2,59,39.2796987877638,2.459364496255,38.8442211985501,37.1463114794406,40.7771194769572
velocity,Tb_ms,6,1.46666666666667,49,48.004093036317,2.61293037197868,47.9351208153412,45.9925511760926,50.0205485646633
velocity,Tb_ms,6,1.73333333333333,46,56.0639430369783,2.34333237358331,55.9859365267665,54.0649627859391,57.7029220937659
velocity,Tb_ms,6,2,39,64.0741670366061,2.31846424261025,63.9306254865824,62.0497919955086,66.0724226309758
velocity,Tb_ms,6,2.26666666666667,35,72.29640958226,2.15694285944686,72.7680552798294,70.4699803561099,74.1056713572411
velocity,Tb_ms,6,2.53333333333333,21,79.4951017275602,2.41453837917046,78.9923868145949,77.5792629999033,81.5667948366514
velocity,Tb_ms,6,2.8,36,87.0232665089028,1.92570303249314,87.0748750164411,85.4561366275562,88.2006865688296
velocity,Tb_ms,6,3.06666666666667,20,94.4195894794001,2.58981616108262,94.09666142829,92.6193483088705,96.569382800006
velocity,Tb_ms,6,3.33333333333333,26,102.607006766268,2.41439304049911,102.474172672319,100.076408158435,104.37756632886
velocity,Tb_ms,6,3.6,27,110.051581290735,2.3927188296324,109.899596441134,108.102478929354,112.031524466637
velocity,Tb_ms,6,3.86666666666667,20,118.385929053225,2.48157418084214,118.537705986606,116.637527632406,120.242288563098
velocity,Tb_ms,6,4.13333333333333,21,125.429650267364,2.34194676411868,126.085787573831,123.783814338867,126.806860125159
velocity,Tb_ms,6,4.4,15,132.223234800114,2.01883981344759,131.807357750875,130.485123760395,134.065312626818
velocity,Tb_ms,8,0.133333333333333,113,6.78339955119342,1.40387984247683,6.64457548805184,5.72915391351705,7.74206706207463
velocity,Tb_ms,8,0.4,132,13.0153628283653,2.98043466850348,12.5888922104226,10.652933817117,15.5092949403316
velocity,Tb_ms,8,0.666666666666667,87,21.8896666021617,2.84985526902162,21.4706430556852,19.5189113317987,23.9593784492651
velocity,Tb_ms,8,0.933333333333333,60,30.5668341861356,2.81903730520591,30.2687028423275,29.0107473161112,32.3606580275639
velocity,Tb_ms,8,1.2,42,40.0982167943597,2.33339442121205,40.4165720073329,38.5675392149179,41.7637612788685
velocity,Tb_ms,8,1.46666666666667,39,48.7393447225208,2.92439537775141,49.3577548645114,46.9121088397444,51.1036120505092
velocity,Tb_ms,8,1.73333333333333,34,56.7520971290206,2.29026121423195,56.6907176360075,54.8741851379241,58.2108995433136
velocity,Tb_ms,8,2,22,64.6177587218823,2.52753156306894,64.8280781670094,62.9304705628024,66.2036592996471
velocity,Tb_ms,8,2.26666666666667,31,71.5624134095441,2.50925998958132,71.1980583740204,69.5205859689508,73.5170211264416
velocity,Tb_ms,8,2.53333333333333,21,78.5297093603529,2.1741656722909,77.9716385597192,76.5514516073471,79.9163368976214
velocity,Tb_ms,8,2.8,20,86.9985438835205,2.11936282520549,87.1073306752627,85.4123832215032,88.5005355123043
velocity,Tb_ms,8,3.06666666666667,14,94.0997086981843,2.45600134194515,93.1659859477863,92.2796341128938,96.7900013567516
velocity,Tb_ms,8,3.33333333333333,10,101.84207144012,3.12368776789578,101.066281757864,98.6457029720301,104.61118594155
velocity,Tb_ms,8,3.6,29,109.406219570852,2.41945949706295,109.462869126491,107.4926260949,111.406508623707
velocity,Tb_ms,8,3.86666666666667,16,117.130970079338,2.17001260166088,117.105353981545,115.180681808294,118.661817847525
velocity,Tb_ms,8,4.13333333333333,12,124.460287815009,2.32557051480329,123.932099350252,122.618109570211,126.65182445922
velocity,Tb_ms,8,4.4,4,131.045000949772,0.363658553595015,130.87126248578,130.848358178017,131.241643721527
velocity,Tb_ms,8,4.66666666666667,1,135.949609976414,0,135.949609976414,135.949609976414,135.949609976414
velocity,Tb_ms,10,0.133333333333333,76,6.97032401050751,1.51213899680375,6.82576485309102,5.78002327039439,7.89551845311928
velocity,Tb_ms,10,0.4,112,12.8815969140632,2.8731974045962,13.2312555780797,10.1577883810835,14.8404219285742
velocity,Tb_ms,10,0.666666666666667,59,22.0891353929862,2.77348908020597,21.9588813084907,20.1064371390892,23.8138191045994
velocity,Tb_ms,10,0.933333333333333,49,31.1461769712692,3.2108054510559,31.1896140387069,29.5061207193976,33.6261324724033
velocity,Tb_ms,10,1.2,36,39.7037184112342,2.96412365566059,39.7915692347016,37.2958834514961,41.7869987008513
velocity,Tb_ms,10,1.46666666666667,28,48.939145886548,2.5640579910555,49.2343109951388,46.8006731621182,51.1015640208502
velocity,Tb_ms,10,1.73333333333333,24,56.2741394141134,2.36838163042034,56.6771061811588,54.2701049879758,58.190555967566
velocity,Tb_ms,10,2,27,63.9640218996114,2.39141918286369,64.4445645605967,61.855049722563,65.6736707846854
velocity,Tb_ms,10,2.26666666666667,17,71.6517886301759,2.90577423660899,72.0222252474917,69.1998539569479,73.9843889589914
velocity,Tb_ms,10,2.53333333333333,22,79.0118539720942,1.93092085724686,79.0337563712032,77.8134896791746,80.3133531285774
velocity,Tb_ms,10,2.8,17,87.5059916563054,2.51414097382266,87.6675058738063,86.2375779858202,89.6117857898309
velocity,Tb_ms,10,3.06666666666667,11,95.0597982422215,2.33996413420568,95.1768641532541,92.778868567551,96.9060901467049
velocity,Tb_ms,10,3.33333333333333,15,101.674746677708,1.9642301222325,102.12217245741,99.8505295897912,102.792452929086
velocity,Tb_ms,10,3.6,12,108.820645506071,2.18322729898125,109.250605518197,107.529551453562,110.168614161445
velocity,Tb_ms,10,3.86666666666667,15,116.370985087802,2.87046349916935,117.20350975318,114.231441510912,118.247705141627
velocity,Tb_ms,10,4.13333333333333,4,124.560384272853,1.1725006258853,124.157800212123,123.759201195715,125.361567349991
velocity,Tb_ms,10,4.4,3,131.065465937543,2.67434114312905,129.968727567646,129.327562094659,133.0775543729
